description,domain1,domain2
AI-powered virtual assistant for cybersecurity analysts to automate threat detection and response.,AI,Cybersecurity
Blockchain-based platform for tracking and verifying the sustainability of supply chains.,Blockchain,Sustainability
E-commerce platform using AI to personalize product recommendations based on customer preferences and behavior.,AI,E-Commerce
Healthcare chatbot leveraging natural language processing to provide personalized medical advice and appointment scheduling.,Healthcare,AI
Cybersecurity firm specializing in AI-driven penetration testing to identify vulnerabilities in corporate networks.,Cybersecurity,AI
Blockchain-powered marketplace for buying and selling renewable energy credits.,Sustainability,Blockchain
AI-driven inventory management system for e-commerce businesses to optimize stock levels and reduce excess inventory.,E-Commerce,AI
Telemedicine platform using AI image recognition to diagnose skin conditions through user-submitted photos.,Healthcare,AI
Cybersecurity startup developing AI algorithms to detect and prevent fraud in online banking transactions.,Cybersecurity,AI
Blockchain-based platform for transparent and secure donation tracking in the nonprofit sector.,Sustainability,Blockchain
AI-powered fashion recommendation engine for e-commerce platforms to suggest clothing items based on style preferences and body measurements.,E-Commerce,AI
Healthcare analytics platform using AI to analyze patient data and identify trends for improving treatment outcomes.,Healthcare,AI
Cybersecurity training platform offering AI-powered simulations of real-world cyber attacks to educate employees on security best practices.,Cybersecurity,AI
Blockchain-enabled carbon offset marketplace connecting individuals and businesses with sustainable projects.,Sustainability,Blockchain
AI-driven personalized nutrition app that analyzes users' dietary habits and recommends healthier food choices.,Healthcare,AI
Cybersecurity startup providing AI-driven threat intelligence services to small and medium-sized enterprises.,Cybersecurity,AI
Blockchain-enabled platform for tracking the provenance of luxury goods to prevent counterfeiting.,E-Commerce,Blockchain
AI-powered energy management system for optimizing electricity usage in commercial buildings.,Sustainability,AI
Healthcare startup developing AI algorithms for early detection of chronic diseases through analysis of medical imaging scans.,Healthcare,AI
Cybersecurity firm specializing in AI-driven anomaly detection for protecting industrial control systems.,Cybersecurity,AI
Blockchain-powered marketplace for buying and selling verified carbon credits to offset carbon footprints.,Sustainability,Blockchain
AI-driven language translation service for e-commerce websites to expand their reach to international markets.,E-Commerce,AI
Telehealth platform using AI chatbots to provide mental health support and counseling.,Healthcare,AI
Cybersecurity startup offering AI-driven identity verification solutions for online account access.,Cybersecurity,AI
Blockchain-based platform for transparent and traceable sourcing of conflict-free minerals.,Sustainability,Blockchain
AI-powered virtual stylist app for e-commerce fashion retailers to offer personalized outfit recommendations.,E-Commerce,AI
Healthcare analytics company using AI to predict patient readmissions and preventable hospitalizations.,Healthcare,AI
Cybersecurity platform utilizing AI to detect and mitigate insider threats within organizations.,Cybersecurity,AI
Blockchain-enabled platform for transparent and secure voting in elections and corporate governance.,Sustainability,Blockchain
AI-driven recommendation engine for personalized skincare routines based on skin type and concerns.,E-Commerce,AI
AI-powered fraud detection system for e-commerce platforms to identify suspicious transactions and prevent chargebacks.,AI,E-Commerce
Blockchain-based platform for tracking the carbon footprint of products throughout their lifecycle.,Blockchain,Sustainability
E-commerce platform integrating AI-driven virtual try-on technology for eyewear and cosmetics.,AI,E-Commerce
Telemedicine platform using AI algorithms to provide remote monitoring and early detection of deteriorating health conditions.,AI,Healthcare
Cybersecurity startup developing AI-driven malware detection and removal tools for endpoint protection.,AI,Cybersecurity
Blockchain-powered platform for transparent and secure management of medical records and patient data.,Blockchain,Healthcare
AI-driven chatbot for e-commerce customer service providing instant support and order tracking.,AI,E-Commerce
Healthcare analytics platform using AI to optimize hospital resource allocation and staffing levels.,AI,Healthcare
Cybersecurity firm specializing in AI-driven automated incident response to mitigate cyber attacks in real-time.,AI,Cybersecurity
Blockchain-enabled platform for incentivizing and rewarding sustainable behaviors through tokenized incentives.,Blockchain,Sustainability
AI-powered recommendation engine for personalized fitness plans and workout routines.,AI,Healthcare
E-commerce platform using AI to generate virtual outfits and style recommendations based on user preferences.,AI,E-Commerce
Telehealth platform using AI to analyze speech patterns for early detection of neurological disorders.,AI,Healthcare
Cybersecurity startup offering AI-driven vulnerability assessment and patch management solutions.,AI,Cybersecurity
Blockchain-based platform for transparent and secure management of land and property ownership records.,Blockchain,Sustainability
AI-driven customer retention platform for e-commerce businesses predicting customer churn and recommending retention strategies.,AI,E-Commerce
Healthcare startup developing AI algorithms for predicting and preventing medication errors in hospitals.,AI,Healthcare
Cybersecurity firm specializing in AI-driven threat hunting and proactive threat intelligence gathering.,AI,Cybersecurity
Blockchain-enabled platform for tracking and verifying the authenticity of organic and fair-trade products.,Blockchain,Sustainability
AI-powered chatbot for e-commerce platforms to assist users in finding the right product sizes and fits.,AI,E-Commerce
Healthcare analytics platform using AI to analyze electronic health records for early disease detection.,AI,Healthcare
Cybersecurity startup developing AI-driven deception technologies to detect and deflect advanced cyber threats.,AI,Cybersecurity
Blockchain-based platform for transparent and secure certification of sustainable building materials.,Blockchain,Sustainability
AI-driven personalized meal planning app for individuals with dietary restrictions and health goals.,AI,Healthcare
E-commerce platform using AI to predict and manage inventory demand to reduce overstock and stockouts.,AI,E-Commerce
Telemedicine platform using AI to provide virtual consultations and treatment plans for chronic conditions.,AI,Healthcare
Cybersecurity firm specializing in AI-powered email security solutions for detecting and blocking phishing attempts.,AI,Cybersecurity
Blockchain-enabled platform for tracking and verifying the authenticity of luxury goods and collectibles.,Blockchain,E-Commerce
AI-driven patient engagement platform for healthcare providers to improve medication adherence and treatment compliance.,Healthcare,AI
AI-powered virtual fitting room for e-commerce fashion retailers allowing customers to try on clothes virtually.,E-Commerce,AI
Blockchain-based platform for transparent and traceable supply chain management in the food and beverage industry.,Sustainability,Blockchain
Healthcare chatbot using AI to provide immediate medical advice and triage for non-emergency conditions.,Healthcare,AI
Cybersecurity startup developing AI-driven network traffic analysis tools for detecting and mitigating insider threats.,Cybersecurity,AI
Blockchain-enabled platform for transparent and secure peer-to-peer energy trading in local communities.,Sustainability,Blockchain
AI-driven personal finance assistant app for budgeting expense tracking and financial planning.,E-Commerce,AI
Telemedicine platform using AI to provide virtual physical therapy sessions and exercise programs.,Healthcare,AI
Cybersecurity firm specializing in AI-driven behavioral biometrics for user authentication and fraud detection.,Cybersecurity,AI
Blockchain-powered platform for transparent and secure voting in community elections and decision-making processes.,Sustainability,Blockchain
AI-powered language translation tool for e-commerce businesses to localize their product listings and marketing content.,E-Commerce,AI
Healthcare analytics platform using AI to predict patient readmission rates and optimize discharge planning.,Healthcare,AI
Cybersecurity startup offering AI-driven threat intelligence feeds and automated incident response capabilities.,Cybersecurity,AI
Blockchain-based platform for transparent and secure tracking of pharmaceutical supply chains to prevent counterfeit drugs.,Healthcare,Blockchain
AI-driven personalized travel planning platform for booking sustainable travel experiences.,Sustainability,AI
E-commerce platform using AI to analyze customer reviews and provide sentiment-based product recommendations.,E-Commerce,AI
Telehealth platform using AI to assist healthcare providers in diagnosing and treating mental health disorders.,Healthcare,AI
Cybersecurity firm specializing in AI-driven automated vulnerability scanning and patch management.,Cybersecurity,AI
Blockchain-enabled platform for transparent and secure tracking of donations to charitable organizations.,Sustainability,Blockchain
AI-powered inventory optimization tool for e-commerce businesses to reduce storage costs and improve fulfillment efficiency.,E-Commerce,AI
Healthcare startup developing AI algorithms for predicting patient deterioration in hospital wards.,Healthcare,AI
Cybersecurity startup offering AI-driven security orchestration and automated incident response solutions.,Cybersecurity,AI
Blockchain-based platform for transparent and secure management of intellectual property rights and digital assets.,Blockchain,Sustainability
AI-driven personal styling service for e-commerce platforms recommending outfits based on weather occasion and personal style.,AI,E-Commerce
Healthcare analytics platform using AI to analyze population health data and identify trends for preventive interventions.,AI,Healthcare
Cybersecurity firm specializing in AI-driven user behavior analytics for detecting insider threats and data breaches.,AI,Cybersecurity
Blockchain-enabled platform for transparent and secure tracking of carbon credits and emissions offsets.,Blockchain,Sustainability
AI-powered meal planning and grocery shopping app for individuals with dietary restrictions or health goals.,AI,E-Commerce
Telemedicine platform using AI to provide remote monitoring and support for patients with chronic conditions.,AI,Healthcare
Cybersecurity startup offering AI-driven security awareness training and simulated phishing exercises for employees.,AI,Cybersecurity
Blockchain-based platform for transparent and secure certification of sustainable and ethical fashion brands.,Blockchain,Sustainability
